{
  "v4_blended_baseline": {
    "rmse_log": 0.6530078885976679,
    "mae_log": 0.37275973253015715,
    "r2_log": 0.5678134799838579,
    "rmse_days": 8.746463027568971,
    "mae_days": 2.7043221253932668,
    "r2_days": 0.3296003914519908,
    "median_ae_days": 0.2382585025186823,
    "mape": 499.7695658695065,
    "wape": 74.81644277686654,
    "mase": 0.5060790262138055,
    "improvement_%": 32.42
  },
  "catboost_mae": {
    "rmse_log": 0.6526998184115587,
    "mae_log": 0.36623570762893765,
    "r2_log": 0.5682211699284725,
    "rmse_days": 8.665295102263784,
    "mae_days": 2.669102405541417,
    "r2_days": 0.3419853881085906,
    "median_ae_days": 0.2041557924481508,
    "mape": 443.46413355089453,
    "wape": 73.84207136964005,
    "mase": 0.499488109636678,
    "improvement_%": 33.3,
    "train_time_s": 10.39,
    "device": "GPU"
  },
  "catboost_rmse": {
    "rmse_log": 0.639109953164606,
    "mae_log": 0.38624830926980774,
    "r2_log": 0.5860141248005581,
    "rmse_days": 8.913013965407904,
    "mae_days": 2.7490068306501114,
    "r2_days": 0.3038256841278082,
    "median_ae_days": 0.26724325962908946,
    "mape": 505.81904642682565,
    "wape": 76.05266780437272,
    "mase": 0.5144411928028713,
    "improvement_%": 31.31,
    "train_time_s": 8.83,
    "device": "GPU"
  },
  "xgboost_squarederror": {
    "rmse_log": 0.6410712322615482,
    "mae_log": 0.3823834631347168,
    "r2_log": 0.5834693743415125,
    "rmse_days": 8.91750076811436,
    "mae_days": 2.755559693360874,
    "r2_days": 0.30312460074017544,
    "median_ae_days": 0.2608840464662622,
    "mape": 526.6764280514075,
    "wape": 76.23395607377707,
    "mase": 0.5156674765907514,
    "improvement_%": 31.14,
    "train_time_s": 5.39,
    "device": "CUDA"
  },
  "xgboost_absoluteerror": {
    "rmse_log": 0.6544756804878955,
    "mae_log": 0.3660773861883529,
    "r2_log": 0.5658684106570369,
    "rmse_days": 8.789690245573347,
    "mae_days": 2.6950118909070775,
    "r2_days": 0.3229574497400547,
    "median_ae_days": 0.21911183918515845,
    "mape": 460.16370622870147,
    "wape": 74.55887041921928,
    "mase": 0.5043367358415343,
    "improvement_%": 32.66,
    "train_time_s": 13.17,
    "device": "CUDA"
  },
  "xgboost_pseudohubererror": {
    "rmse_log": 0.6486507735327792,
    "mae_log": 0.3785765983798158,
    "r2_log": 0.5735616618923303,
    "rmse_days": 9.073967754099458,
    "mae_days": 2.7878175092620356,
    "r2_days": 0.27845522539186807,
    "median_ae_days": 0.25432245122061836,
    "mape": 528.5162927367137,
    "wape": 77.12638490642769,
    "mase": 0.5217041110233711,
    "improvement_%": 30.34,
    "train_time_s": 5.65,
    "device": "CUDA"
  },
  "walkforward_mean_mae": {
    "mae_days": 2.5806029784852442
  },
  "recency_decay_0.5": {
    "rmse_log": 0.6500665652367682,
    "mae_log": 0.3776655700326421,
    "r2_log": 0.5716980805085992,
    "rmse_days": 8.793133899438876,
    "mae_days": 2.724094594259284,
    "r2_days": 0.3224268378864853,
    "median_ae_days": 0.2584036452431355,
    "mape": 512.4195885117458,
    "wape": 75.3634581533194,
    "mase": 0.5097791888888055,
    "improvement_%": 31.93,
    "train_time_s": 10.95,
    "decay": 0.5
  },
  "recency_decay_1.0": {
    "rmse_log": 0.6488157300443337,
    "mae_log": 0.3769502457476628,
    "r2_log": 0.5733447417005101,
    "rmse_days": 8.76696238906544,
    "mae_days": 2.7063958384692715,
    "r2_days": 0.3264542354448916,
    "median_ae_days": 0.2592476922305547,
    "mape": 503.31609353755437,
    "wape": 74.8738131005531,
    "mase": 0.506467094885173,
    "improvement_%": 32.37,
    "train_time_s": 10.17,
    "decay": 1.0
  },
  "recency_decay_2.0": {
    "rmse_log": 0.6512547386582074,
    "mae_log": 0.37656615900922275,
    "r2_log": 0.5701309732056952,
    "rmse_days": 8.802096505320097,
    "mae_days": 2.7276528403319467,
    "r2_days": 0.32104486958958267,
    "median_ae_days": 0.2556411592299097,
    "mape": 516.9497661411854,
    "wape": 75.46189883506423,
    "mase": 0.5104450687744054,
    "improvement_%": 31.84,
    "train_time_s": 10.81,
    "decay": 2.0
  },
  "quantile_interval_80%": {
    "coverage_pct": 74.23,
    "target_coverage": 80,
    "mean_interval_width_days": 8.206
  },
  "quantile_interval_90%": {
    "coverage_pct": 84.4,
    "target_coverage": 90,
    "mean_interval_width_days": 11.484
  },
  "deep_optuna_huber": {
    "rmse_log": 0.6508284840566809,
    "mae_log": 0.3764359712689941,
    "r2_log": 0.5706934986675807,
    "rmse_days": 8.84678389540455,
    "mae_days": 2.729908758773314,
    "r2_days": 0.314133390892984,
    "median_ae_days": 0.25244178513035026,
    "mape": 505.27409312679066,
    "wape": 75.5243099625675,
    "mase": 0.5108672348312168,
    "improvement_%": 31.78
  },
  "deep_blend_ensemble": {
    "rmse_log": 0.6541602025146699,
    "mae_log": 0.3723288723822011,
    "r2_log": 0.5662868400921651,
    "rmse_days": 8.800515992392427,
    "mae_days": 2.7159162251069744,
    "r2_days": 0.32128867537314243,
    "median_ae_days": 0.2356354238409921,
    "mape": 494.30840682692104,
    "wape": 75.13719942402585,
    "mase": 0.5082487125236735,
    "improvement_%": 32.13
  }
}